,text,intent
0,listen to westbam alumb allergic on google music,PlayMusic
1,add step to me to the 50 clásicos playlist,AddToPlaylist
2,i give this current textbook a rating value of 1 and a best rating of 6,RateBook
3,play the song little robin redbreast,PlayMusic
4,please add iris dement to my playlist this is selena,AddToPlaylist
5,add slimm cutta calhoun to my this is prince playlist,AddToPlaylist
6,i want to listen to seventies music,PlayMusic
7,play a popular chant by brian epstein,PlayMusic
8,book a spot for 3 in mt,BookRestaurant
9,i need a forecast for jetmore  massachusetts in 1 hour and 1 second from now,GetWeather
10,give me a list of movie times for films in the area,SearchScreeningEvent
11,can you play me some eighties music by adele,PlayMusic
12,please let me know the weather forcast of stanislaus national forest far in nine months,GetWeather
13,book a restaurant for eight people in six years,BookRestaurant
14,i need to book a restaurant in fork mountain  sc for valarie  mari and i,BookRestaurant
15,add to playlist confidence boost here comes santa claus,AddToPlaylist
16,book a restaurant at sixteen o clock in sc,BookRestaurant
17,add another artist to the spotlight on country 2016 playlist,AddToPlaylist
18,find a movie house showing cage without a key,SearchScreeningEvent
19,add sugarolly days to my list  your favorite slaughterhouse,AddToPlaylist
20,show me the picture creatures of light and darkness,SearchCreativeWork
21,search for the adventures of cookie & cream,SearchCreativeWork
22,add this track to my global funk,AddToPlaylist
23,find animated movies nearest at a movie house,SearchScreeningEvent
24,find me showtimes for animated movies in the neighbourhood,SearchScreeningEvent
25,play the top-20 best chicane songs on deezer,PlayMusic
26,i want to give this current textbook 4 points,RateBook
27,add manuelita to my indiespensables playlist,AddToPlaylist
28,show movie schedules for douglas theatre company,SearchScreeningEvent
29,i d like to see the show onion sportsdome,SearchCreativeWork
30,i d like to go to the popular bistro in oh,BookRestaurant
31,what s the weather in my current spot the day after tomorrow,GetWeather
32,play playlist the realest down south,PlayMusic
33,add this artist to gretchen s soul revived playlist,AddToPlaylist
34,find a video game called victory march,SearchCreativeWork
35,book a taverna that serves vichyssoise within walking distance in oh,BookRestaurant
36,let me see the movie schedule for seed of chucky,SearchScreeningEvent
37,play a chant by mj cole,PlayMusic
38,what is the weather like in the city of frewen in the country of venezuela,GetWeather
39,put this song on my playlist  in the name of blues,AddToPlaylist
40,will it be colder in ohio,GetWeather
41,in the area find some films,SearchScreeningEvent
42,what times will the young swordsman be showing at a local cinema,SearchScreeningEvent
43,play all of your toys by chris ledoux,PlayMusic
44,i want to hear a joel hastings melody,PlayMusic
45,i want to book a restaurant not far from our college,BookRestaurant
46,rate in stars as a 6 for lord of the shadows which gets a four,RateBook
47,add rak biszewilo to my playlist named jazz,AddToPlaylist
48,rate my current book 1 out of 6,RateBook
49,what is the weather not far from upper klamath national wildlife refuge,GetWeather
50,add falling upstairs to the playlist named chill out,AddToPlaylist
51,will it storm in charles pinckney national historic site,GetWeather
52,add the entire album into indie español,AddToPlaylist
53,for the textbook  out of 6 possible i give the following one a 3,RateBook
54,show me the movie schedule for star theatres,SearchScreeningEvent
55,please find the movie dancing girl,SearchCreativeWork
56,rate this book 0 out of 6,RateBook
57,is happy ghost iii at caribbean cinemas,SearchScreeningEvent
58,play theme by yanni on vimeo,PlayMusic
59,rate the current novel a 3,RateBook
60,can you pull up a track on zvooq by graham mcpherson,PlayMusic
61,rate the current essay 2 out of 6,RateBook
62,add this album to the playlist called dishwashing,AddToPlaylist
63,i give christianity not mysterious 1 out of 6 points,RateBook
64,i d like to go to the venetian theatre in gabon  party of seven,BookRestaurant
65,is it supposed to rain nearby my current location at 0 o clock,GetWeather
66,give zero / 6 stars to the current album,RateBook
67,put playa fly onto my 2010 decade playlist,AddToPlaylist
68,show me the painting called fool for love,SearchCreativeWork
69,rate what the dog saw a two,RateBook
70,find a video game called a stroll in the pork,SearchCreativeWork
71,add bret mckenzie to my pop commute playlist,AddToPlaylist
72,what is the weather supposed to be like in new jersey three months from now,GetWeather
73,find the song called international journal of bilingualism,SearchCreativeWork
74,what films are playing at goodrich quality theaters,SearchScreeningEvent
75,i rated the island of adventure saga a 2 of 6,RateBook
76,i m looking for the trailer of highlands today,SearchCreativeWork
77,add this song to my playlist named wild country,AddToPlaylist
78,rate the princess mouse: a tale of finland one of 6,RateBook
79,search for police women of cincinnati,SearchCreativeWork
80,add artist to lo mejor de los 00 s,AddToPlaylist
81,i d like johnny nash to be put into my playlist always pop punk,AddToPlaylist
82,find the they came from somewhere else saga,SearchCreativeWork
83,i want to watch the television show naked ii,SearchCreativeWork
84,book a reservation for a pub with ma po tofu in moldova,BookRestaurant
85,put this album in shuffle syndrome,AddToPlaylist
86,book me seats for 6 at the best brasserie that serves marche neighboring my hostel,BookRestaurant
87,play caitlin cary from the fourties,PlayMusic
88,add a track to my hands up playlist,AddToPlaylist
89,i d like to see the saga tamagotchi 64: minna de tamagotchi world,SearchCreativeWork
90,give the search for the snow leopard a rating of zero of 6 stars,RateBook
91,for the book tale of the toa i give five points,RateBook
92,will it be warmer now in covenant life,GetWeather
93,play rap album one by gene vincent,PlayMusic
94,i want to book the hat for my grandfather and i in arkansas,BookRestaurant
95,book a tea place at seven,BookRestaurant
96,find the movie schedule for animated movies around here,SearchScreeningEvent
97,add rosemary clooney to pura vida playlist,AddToPlaylist
98,i need a reservation for 6 pm  with a party of 10 at sand lake,BookRestaurant
99,what is the picture called lest we forget: the best of,SearchCreativeWork
100,find a photograph called call on me,SearchCreativeWork
101,add tune to my hype playlist,AddToPlaylist
102,what films are playing at the nearest movie theatre,SearchScreeningEvent
103,add por una cabeza to my playlist called this is new edition,AddToPlaylist
104,add wastedagain to the wild & free workout playlist,AddToPlaylist
105,i want to eat at a pickled cucumber brasserie in 12 months,BookRestaurant
106,add the song to the dub on the beach playlist,AddToPlaylist
107,i need a table at the ledbury at 18 o clock,BookRestaurant
108,will it be humid in beedeville on november 20,GetWeather
109,i want to give the canon of medicine one out of 6 stars,RateBook
110,please look up the falls church news-press album,SearchCreativeWork
111,find a television show called merced sun-star,SearchCreativeWork
112,find the closest movie theatre with films,SearchScreeningEvent
113,can you pull up channel m news,SearchCreativeWork
114,find a song called be quick or be dead,SearchCreativeWork
115,is live from sturgis 2006 playing at four o clock at the nearest cinema,SearchScreeningEvent
116,put deep purple on this is jennifer lopez,AddToPlaylist
117,what is the weather in sint maarten,GetWeather
118,give 5 points to the deathlord of ixia,RateBook
119,which films are playing at malco theatres,SearchScreeningEvent
120,add this track to the classical music for smart kids playlist,AddToPlaylist
121,give five out of 6 to this novel,RateBook
122,give two out of 6 to a christmas carol,RateBook
123,find me the picture entitled i’ll take care of you,SearchCreativeWork
124,give this textbook zero out of 6 points,RateBook
125,weather for close-by parc national de kolkheti,GetWeather
126,i d like a table in a smoking room in a taverna on sep  23  2023,BookRestaurant
127,add om to my classic punk,AddToPlaylist
128,rate the current novel 0 of 6,RateBook
129,book me a table for seven people at a bar with a pool,BookRestaurant
130,i want to listen to swing music on iheart,PlayMusic
131,what will the weather be like 19 minutes from now in nepal,GetWeather
132,include laarni lozada on endorphin rush playlist,AddToPlaylist
133,make a reservation for 9 at a brasserie with parking,BookRestaurant
134,add my track to old school metal playlist,AddToPlaylist
135,what are the movie schedules for movies around here,SearchScreeningEvent
136,what s the weather forecast for moss hill,GetWeather
137,what will the weather be like not far from alabama on may 9  2037,GetWeather
138,play takes place in your work space by eddie kendricks,PlayMusic
139,ethiopia ellenton has snow weather at eight pm,GetWeather
140,play top-twenty song from 2015,PlayMusic
141,i need seating at floating restaurant in tennessee for a group of 9,BookRestaurant
142,give two stars to current chronicle,RateBook
143,find the boys in the band,SearchCreativeWork
144,i d like to find the soundtrack tianjin today evening news,SearchCreativeWork
145,show the philosophy and phenomenological research saga,SearchCreativeWork
146,wish to hear the album since i saw you last,SearchCreativeWork
147,what is the closest movie theatre that is playing moment to moment,SearchScreeningEvent
148,find a novel called east liberty,SearchCreativeWork
149,where is the chief cook playing,SearchScreeningEvent
150,can you play something from 1966 by mc ren on spotify,PlayMusic
151,play music from 2005 by justin broadrick,PlayMusic
152,i want to add a song by w c clark to my nerding around playlist,AddToPlaylist
153,add parempi mies to the café con leche playlist,AddToPlaylist
154,put this track on alok house party playlist,AddToPlaylist
155,rate this saga two with a bet rating of 6,RateBook
156,find movie times for close by movies,SearchScreeningEvent
157,i give this next essay zero out of 6 points,RateBook
158,play me a song by michael diamond,PlayMusic
159,show creativity of all for one,SearchCreativeWork
160,i d like to watch movies at the closest movie theatre,SearchScreeningEvent
161,what s the weather going to be in 7 hours in fm,GetWeather
162,add the crabfish to my playlist called the sleep machine rainforest,AddToPlaylist
163,where can i find the photograph of mr blobby,SearchCreativeWork
164,what is the forecast for cold temps in nevada,GetWeather
165,i need a reservation for four this year at a restaurant,BookRestaurant
166,play some 1993 concerto off of slacker,PlayMusic
167,book a spot for 1 at a south american restaurant,BookRestaurant
168,book a spot at a taverna for my cousin and i in burundi,BookRestaurant
169,play the top song from damon albarn using slacker,PlayMusic
170,find the show go with the flow,SearchCreativeWork
171,add heresy and the hotel choir to the evening acoustic playlist,AddToPlaylist
172,add songs tune in reggae infusions,AddToPlaylist
173,i give the last textbook one out of 6 points,RateBook
174,book a restaurant on june the fifth in cavour,GetWeather
175,add the patty patty sound  to my metal talks kreator playlist,AddToPlaylist
176,book a spot for 4 at a restaurant in shambaugh md,BookRestaurant
177,give me the weather forecast for lower lake on sep  21  2038,GetWeather
178,add slave to the rhythm to the playlist massive soca hits,AddToPlaylist
179,add the block brochure welcome to the soil 6 onto my café con leche list,AddToPlaylist
180,looking for video game for those who would walk with the gods,SearchCreativeWork
181,can i get a table at the fort,BookRestaurant
182,find the schedule for rare birds at the nearest movie theatre at noon,SearchScreeningEvent
183,rate this chronicle one of 6 points,RateBook
184,the current saga deserves a 5 rating,RateBook
185,what will the weather be at my current location on december the 2nd  2029,GetWeather
186,is goodbye mr  chips showing twelve minutes from now,SearchScreeningEvent
187,add testifying to  donna s tokyo rising palylist,AddToPlaylist
188,when is you walk so softly playing at kerasotes theatres,SearchScreeningEvent
189,this book gets points for being current and a three,RateBook
190,find the magical world of roger whittaker,SearchCreativeWork
191,add dr know to my todo alternativo playlist,AddToPlaylist
192,add the name cry like a baby to my a mis niños de 30 playlist,AddToPlaylist
193,add matthew helders artist in showstopper being mary jane,AddToPlaylist
194,what is the forecast for temperate weather in bellechester,GetWeather
195,can you find me the trailer of the hippocratic oath,SearchCreativeWork
196,play the happiest days of our lives by tommy emmanuel,PlayMusic
197,play the fool on the hill by khwaja ghulam farid,PlayMusic
198,book a restaurant not far in milladore for 6 people,BookRestaurant
199,rate the current novel zero points,RateBook
200,play a twenties tune by jodie aysha,PlayMusic
201,play twenties music off of my itunes,PlayMusic
202,rate the firebrand one of 6 stars,RateBook
203,book a restaurant for 2 at a cafe that i can get a croissant at,BookRestaurant
204,rate the travels of lao can five out of 6,RateBook
205,what time is the rocketeer showing,SearchScreeningEvent
206,play inventions for the new season,PlayMusic
207,add this track to new hip hop,AddToPlaylist
208,can you find the album simplescreenrecorder,SearchCreativeWork
209,add a track to my classical feast playlist,AddToPlaylist
210,find the show how to meet the lucky stars,SearchCreativeWork
211,add a kj 52 track to the te quiero playlist,AddToPlaylist
212,add the lady bunny album to décadas,AddToPlaylist
213,book the mustard seed in turks and caicos islands for 9 people,BookRestaurant
214,play some oleg anofriyev from 1960,PlayMusic
215,play a sound track by tom thacker,PlayMusic
216,book in town for 3 at a restaurant outdoor that is not far,BookRestaurant
217,play the concert from philip oakey 1973 concert on netflix,PlayMusic
218,add a tune to my this is marc anthony playlist,AddToPlaylist
219,i give this current novel zero stars and a best rating of 6,RateBook
220,give 5 out of 6 points to racing the rain,RateBook
221,what is the local movie times,SearchScreeningEvent
222,what is the forecast for west virginia will it be snowy,GetWeather
223,what s the forecast for alley  canada,GetWeather
224,can you put this track onto the playlist the selektor,AddToPlaylist
225,rate this current essay four out of 6,RateBook
226,i need a table at a highly rated diner,BookRestaurant
227,rate the current album two points,RateBook
228,what s the weather forecast not far from here,GetWeather
229,i want to reserve a gastropub that has a spa,BookRestaurant
230,play music from the top-5 from artist kenia arias,PlayMusic
231,use netflix to play michael white tune from 1955,PlayMusic
232,find a reservation at a brasserie restaurant nearby sc for a party of ten,BookRestaurant
233,add image to the nuclear blast novelties playlist,AddToPlaylist
234,what s the weather for april 10th  2028 in arkansas,GetWeather
235,show me the book f-1 grand prix part ii,SearchCreativeWork
236,will it be stormy in ritchey in palau,GetWeather
237,what movies are scheduled in the neighbourhood,SearchScreeningEvent
238,give me some hank shermann from 1975 on lastfm,PlayMusic
239,what movies are scheduled at plitt theatres,SearchScreeningEvent
240,book a restaurant for 7 people,BookRestaurant
241,find movie schedules at imax corporation,SearchScreeningEvent
242,is it hot in gold beach  bahrain,GetWeather
243,find the cartel vol  2 novel,SearchCreativeWork
244,can you please give me the forecast for the dominica,GetWeather
245,book a table at skycity in salado for me and hannah,BookRestaurant
246,what is the forecast for sea isle city in louisiana for warmer weather,GetWeather
247,add the second three years to my workout twerkout playlist,AddToPlaylist
248,forecast for hardinsburg 20 seconds from now,GetWeather
249,i need a reservation for four at a bar,BookRestaurant
250,rate gilgamesh the king 5 out of 6,RateBook
251,add lisa dalbello to my 2015 cma awards nominees list,AddToPlaylist
252,book the atomic cafe for ten people,BookRestaurant
253,what s the weather in stamps,GetWeather
254,book a table for 1 person at a popular brasserie in jansen that serves english food,BookRestaurant
255,show movie schedule at amco entertainment,SearchScreeningEvent
256,i want a restaurant in idaho for 2 of us,BookRestaurant
257,play portsmouth by paul smith on google music,PlayMusic
258,restaurant in niger for my mom and i,BookRestaurant
259,search for the toucher and rich show,SearchCreativeWork
260,play hughie graham by vidyadhar vyas,PlayMusic
261,add tune to my this is animal collective,AddToPlaylist
262,i want the weather for saint martin next year,GetWeather
263,find the movie schedule for pacific theatres,SearchScreeningEvent
264,not yet: a memoir of living and almost dying was one out of 6 stars,RateBook
265,show creativity of painting of me too,SearchCreativeWork
266,i am looking for the creative work a wonderful life,SearchCreativeWork
267,add nour mhanna to workday lounge,AddToPlaylist
268,add natasha to my all things post playlist,AddToPlaylist
269,add the piano bar to my cindy wilson,AddToPlaylist
270,play a seventies ballad by annunzio paolo mantovani on groove shark,PlayMusic
271,find a tv show called shake hands with beef,SearchCreativeWork
272,will it rain here at 13:22:09,GetWeather
273,give this a 0 for this book,RateBook
274,can you add esquivando charcos to my playlist entitled the piano bar,AddToPlaylist
275,can you use pandora to play a soundtrack from 1999 by david sitek,PlayMusic
276,can you add woman of the world to my playlist entitled duetos,AddToPlaylist
277,i want to listen to keep the faith,SearchCreativeWork
278,where can i see the show kind of glue,SearchCreativeWork
279,i want to book a table for me and josefa at jacob wirth restaurant in branford,BookRestaurant
280,what time is cinema playing the village priest,SearchScreeningEvent
281,add hold my liquor to electronow,AddToPlaylist
282,find the tv show tribute to the troops,SearchCreativeWork
283,find the nearest movies at a movie theatre,SearchScreeningEvent
284,what s the weather in la pine,GetWeather
285,can you add some disco to my playlist called genuine r&b,AddToPlaylist
286,book me a table for two in oakes,BookRestaurant
287,play any song from the eighties,PlayMusic
288,add split the difference to my women s lit playlist,AddToPlaylist
289,what is the forecast for the current spot for cloudy conditions,GetWeather
290,book reservations at james d  conrey house at 1 pm for a party of nine,BookRestaurant
291,give waiting for the mahatma 5 out of 6 points,RateBook
292,show movie times of films close by,SearchScreeningEvent
293,please search the karobar economic daily picture,SearchCreativeWork
294,find a soundtrack called the christmas shoes,SearchCreativeWork
295,casey chavez  lucinda and karina want to eat at a diner on december the 7th,BookRestaurant
296,open zvooq and play the best songs from device,PlayMusic
297,is it going to be cold today in wing,GetWeather
298,can i get the movie schedules for loews cineplex,SearchScreeningEvent
299,where can i find tales of ghost castle,SearchCreativeWork
300,i want top-rated veneto cuisine at a restaurant in antietam for 2,BookRestaurant
301,what will the weather be like in port clinton  nebraska around midnight,GetWeather
302,book a table for ten people at a restaurant that serves noodle,BookRestaurant
303,will there be rain next year in new hampshire,GetWeather
304,rate this series chronicle 0 points,RateBook
305,is it forecast to be freezing in benedict,GetWeather
306,how chilly is it close to hollidaysburg,GetWeather
307,find films at alamo drafthouse cinema,SearchScreeningEvent
308,play some seventies music on netflix,PlayMusic
309,add blood guts & glory to my this is chopin,AddToPlaylist
310,please get me a reservation at a restaurant with a pool for manuela and yvonne,BookRestaurant
311,rate the beyond black saga a one,RateBook
312,i d like to eat at the firehouse restaurant,BookRestaurant
313,i want the film for nearest movie theatre,SearchScreeningEvent
314,play the ocelot record using zvooq,PlayMusic
315,i d like to give a two rating to the abolition of britain,RateBook
316,this chronicle is a zero out of 6,RateBook
317,rate the best american short stories 2007 one out of 6 points,RateBook
318,add deuce to my listas de éxitos playlist,AddToPlaylist
319,put molly and tenbrooks in the french n  heavy playlist,AddToPlaylist
320,what is the american samoa forecast for hot weather,GetWeather
321,add warpaint in my pre-party list,AddToPlaylist
322,i give life during wartime a one out of 6,RateBook
323,rate the my beloved world saga a one,RateBook
324,where can i purchase the tv series the mating season,SearchCreativeWork
325,i d like to see the book the royal thousand,SearchCreativeWork
326,find the closest movie house that plays animated movies,SearchScreeningEvent
327,i need a reservation for chapter one in west odessa for a party of one,BookRestaurant
328,add a tom thacker tune to my rock classics,AddToPlaylist
329,tell me the weather forecast for here,GetWeather
330,add this song to my crossroad blues playlist,AddToPlaylist
331,i want to hear secrets on parade from tommy walter,PlayMusic
332,find a tv show called engaged to the unidentified,SearchCreativeWork
333,i want to rate the current textbook with 4,RateBook
334,where is the closest cinema that features animated movies,SearchScreeningEvent
335, i would give this current book a rating a five and a best rating of 6,RateBook
336,let me have the movie schedules for general cinema corporation,SearchScreeningEvent
337,what movies are playing at southern theatres,SearchScreeningEvent
338,add an artist to the décadas playlist,AddToPlaylist
339,what will the weather be like on feb  8  2034 in cedar mountain wilderness,GetWeather
340,reserve me a table for 10 at a mt cafe for breakfast,BookRestaurant
341,what s the weather going to be like near moldova on fri,GetWeather
342,add a-hunting we will go to the emily dickinson playlist,AddToPlaylist
343,what is the weather in sehlabathebe-nationalpark,GetWeather
344,find a picture of a breed apart,SearchCreativeWork
345,add this tune by harry connick jr to my jazz brasileiro playlist,AddToPlaylist
346,when can i see journey to the end of the night,SearchScreeningEvent
347,will it be hot in saint jo alaska,GetWeather
348,book a restaurant that serves bouchée for midnight,BookRestaurant
349,find 300: march to glory  a song,SearchCreativeWork
350,add this song to my list called the birth of cool,AddToPlaylist
351,book a co table at windows on the world,BookRestaurant
352,rate cotton comes to harlem a 2,RateBook
353,i want to hear a 1957 theme song,PlayMusic
354,search for the song called journal of the american statistical association,SearchCreativeWork
355,what is the weather forecast close to puerto rico,GetWeather
356,put this song in my funk playlist  please,AddToPlaylist
357,play russell morris s the singer and the song on netflix,PlayMusic
358,2 of us want to eat at a restaurant that serves meatballs in vt,BookRestaurant
359,find a restaurant for marylou and i within walking distance of my mum s hotel,BookRestaurant
360,find me the movie schedule for great escape theatres,SearchScreeningEvent
361,book a table for tomorrow for five people,BookRestaurant
362,book a gastropub in rose creek for elevenses,BookRestaurant
363,what s the closest movie theatre showing harbour beat,SearchScreeningEvent
364,i m looking for the television show the flame,SearchCreativeWork
365,i want to give the cat who walks through walls a 1,RateBook
366,i want to listen to the album going back to the blue ridge mountains on iheart,PlayMusic
367,will it be windy at 4 pm in ny,GetWeather
368,play my sophisticated dinner playlist on slacker,PlayMusic
369,play a track by deeyah khan,PlayMusic
370,is the film goodrich quality theaters playing at 12:26 am,SearchScreeningEvent
371,is it supposed to hail in rosenberg in the french polynesia,GetWeather
372,is it supposed to gt colder in or,GetWeather
373,what amc theaters is the red dance playing at,SearchScreeningEvent
374,give 1 out of 6 to west of january,RateBook
375,show me the a-myin-thit tv series,SearchCreativeWork
376,is cape mount nature conservation unit has storm weather,GetWeather
377,tell me if it ll be chilly 1 second from now here,GetWeather
378,can you play some eighties music,PlayMusic
379,add the wee wee man to pamela s stress relief playlist,AddToPlaylist
380,i m looking for a novel called and then there was light,SearchCreativeWork
381,add the avispa track to my bass gaming playlist,AddToPlaylist
382,add tune to cleaning the house,AddToPlaylist
383,rate the current novel a two,RateBook
384,please add this song to madden nfl 16,AddToPlaylist
385,for the book icon of evil  i rate a 2,RateBook
386,play a top symphony sort form 1959 by stuart garrard,PlayMusic
387,what time will the movie house be showing on the beat,SearchScreeningEvent
388,what is the weather forecast for wolin national park three seconds from now,GetWeather
389,i wish to listen to good symphony music by mi lu bing,PlayMusic
390,can i get the listings for the film at the nearest movie theatre,SearchScreeningEvent
391,how cold is it in princeton junction,GetWeather
392,add this artist to my jazz playlist,AddToPlaylist
393,will it get warmer in holy cross wilderness,GetWeather
394,i d like to watch army at wanda group,SearchScreeningEvent
395,please find me chance pe dance,SearchCreativeWork
396,rate the rats chronicle 5 of 6,RateBook
397,book a table for four in orchard grass hills  nv,BookRestaurant
398,i am giving this current essay zero out of 6 stars,RateBook
399,show me movies in the area,SearchScreeningEvent
400,find do you wanna touch me  a song,SearchCreativeWork
401,i want to give this essay zero out of 6,RateBook
402,add dahmer to hiphop hot 50,AddToPlaylist
403,rate the demolished man a five,RateBook
404,add angela au to the playlist radar latino,AddToPlaylist
405,find a feather in her hat at magic johnson theatres,SearchScreeningEvent
406,i would like to book a puglia food court in ky,BookRestaurant
407,what is the forecast at four am in zambia,GetWeather
408,i want lance king in my list called one love,AddToPlaylist
409,when can i catch a screening of shivers in summer,SearchScreeningEvent
410,add chris de burgh  in my playlist melancholia,AddToPlaylist
411,what is the weather at the current position,GetWeather
412,is it going to be warmer in central cebu protected landscape,GetWeather
413,add troy andrews to my pop punk powerhouses,AddToPlaylist
414,add a tune to rare groove,AddToPlaylist
415,find a movie theatre with rogues and romance that is nearest,SearchScreeningEvent
416,can i get todays movie schedule for the movies that are close by,SearchScreeningEvent
417,i d like a table for 10 at a distant place downtown for next fall,BookRestaurant
418,show me the song spiderman of the rings,SearchCreativeWork
419,play alles heeft ritme by liu tianhua,PlayMusic
420,give the resistance 2 out of 6 stars,RateBook
421,give 0 out of 6 stars to reality of certainty,RateBook
422,is it going to be rainy in kings valley  kosovo next mon,GetWeather
423,is it chilly in ecola state park at 2 pm,GetWeather
424,what s the forecast for gamaliel,GetWeather
425,book a restaurant in fort gates  fl,BookRestaurant
426,play dave mason s soundtrack on last fm,PlayMusic
427,book a restaurant for me and rosemary at 1 am,BookRestaurant
428,rate this current novel one points,RateBook
429,please get me the welcome to the rileys game,SearchCreativeWork
430,play me the greatest track of 1966,PlayMusic
431,add sam moran music to my tgif playlist,AddToPlaylist
432,find a photograph called xquery api for java,SearchCreativeWork
433,can i hear a da brat ep,PlayMusic
434,find the schedule for the closest films at a cinema at meal time,SearchScreeningEvent
435,move this tune by hironobu kageyama to my baila reggaeton playlist,AddToPlaylist
436,book a highly rated fast food restaurant in falmouth,BookRestaurant
437,give the current album a score of five out of 6,RateBook
438,add billy strayhorn to my highway 61 playlist,AddToPlaylist
439,i d like a table for 6 at a restaurant in denmark at 22,BookRestaurant
440,give the televised morality series a one,RateBook
441,add munia the tale to my playlist called adrenaline workout,AddToPlaylist
442,please add checkmate to my irish folk – jigs & reels playlist,AddToPlaylist
443,play the lure of the mask song,SearchCreativeWork
444,i rate this novel  2 of 6 points,RateBook
445,let me listen to the music of nature album by paul draper,PlayMusic
446,what s the weather in koontz lake,GetWeather
447,find the schedule for the tooth will out at sunrise,SearchScreeningEvent
448,i d like to watch three word brand at the cinema,SearchScreeningEvent
449,find movie schedules for nearby films,SearchScreeningEvent
450,what time do the movies play at southern theatres,SearchScreeningEvent
451,play the soundtrack that tom bellamy contributed to,PlayMusic
452,i want a table for four at a place in california,BookRestaurant
453,play a song from 1990 on netflix,PlayMusic
454,rate the chronicle following a 4,RateBook
455,play in your eyes by gareth gates on netflix,PlayMusic
456,i would give this novel a rating of two,RateBook
457,i need a restaurant that has internet access for a party of six,BookRestaurant
458,add this tune to the heavy gamer playlist,AddToPlaylist
459,what movies are playing at regal entertainment group,SearchScreeningEvent
460,play fill yourself with music by ray manzarek,PlayMusic
461,the current book i m reading is only worthy of a 3,RateBook
462,book a table for ten people in eucalyptus hills,BookRestaurant
463,the boring peace on earth gets a two out of 6,RateBook
464,show me schedules to see a film with me in it,SearchScreeningEvent
465,is it forecast to be chilly in iowa,GetWeather
466,i want to see the trailer amor puro,SearchCreativeWork
467,show creative photograph named none of the above,SearchCreativeWork
468,find movies around here with movie schedules,SearchScreeningEvent
469,i want to hear a track from the fourties,PlayMusic
470,book me top-rated restaurant for 9 members for midnight at fair bluff ri,BookRestaurant
471,find the trailer for seven year itch,SearchCreativeWork
472,i want to find a salami restaurant in bastian in,BookRestaurant
473,make me a reservation in tn somewhere nearby for a party of 4,BookRestaurant
474,i would give dead man falling 5 points and a best rating of 6,RateBook
475,play a trailer for sencha touch,SearchCreativeWork
476,find the movie times at consolidated theatres,SearchScreeningEvent
477,book a table for 2 in gleed,BookRestaurant
478,can i get the showtimes for the man who could talk to kids,SearchScreeningEvent
479,what time does tie a yellow ribbon play at magic johnson theatres,SearchScreeningEvent
480,i need a table at somewhere within walking distance of nv on november the 24th  2027,BookRestaurant
481,add mg the visionary to my dubstep playlist,AddToPlaylist
482,give one out of 6 stars to free market fairness,RateBook
483,i want to book a meal at a restaurant that searves kouglof,BookRestaurant
484,i d like seats for five at a place in verden right now,BookRestaurant
485,when is for lovers only playing,SearchScreeningEvent
486,rate this essay 5 of 6,RateBook
487,will there be cloud action in saint bernard  virgin islands,GetWeather
488,when is beyond my reach scheduled at the nearest cinema,SearchScreeningEvent
489,i d like to eat a restaurant in or nearby pelahatchie at 12 o clock,BookRestaurant
490,play the wizard and i on zvooq,PlayMusic
491,add connee boswell to the relaxing playlist,AddToPlaylist
492,book a table for 3 far from tullytown at a coffeehouse with a smoking room,BookRestaurant
493,book midday at a faraway cuban place for five at a top-rated bakery in grainola,BookRestaurant
494,add this track to my party playlist,AddToPlaylist
495,me and my niece want to eat somewhere close by hopatcong,BookRestaurant
496,will it be chillier in suwannee,GetWeather
497,what is the weather forecast for my current position,GetWeather
498,play me a song from 1968 on spotify,PlayMusic
499,add run rudolph run to my rockin  playlist,AddToPlaylist
500,['Westbam alumb allergic to listening to Google Music'],PlayMusic
501,['Add a step to the 50 clásicos'],AddToPlaylist
502,['may i give this best current college textbook a rating value of 1 and a 2009 best rating index of 6'],RateBook
503,['Play the song robin redbreast'],PlayMusic
504,['please lend iris dement to my playlist this is selena'],AddToPlaylist
505,['Add Slimm Cutta Calhoun to my This is Prince playlist'],AddToPlaylist
506,['omg_i want to listen to Riot_Grrrl_movement music.The'],PlayMusic
507,['stopping_dribble_penetration a popular dueling_chants by adrian epstein'],PlayMusic
508,['page_turner a DRAMeXchange_###Mb_DDR2_DRAM for 3 in t_y'],BookRestaurant
509,['LOVE_YOU_ALL need a forecast for jetmore tokyo Yandarbiyev_Chechnya_acting .5 hour and 1 second then now'],GetWeather
510,['give me a list of moving picture prison term for film in the area'],SearchScreeningEvent
511,['can you play at me some eighties world music version by adele'],PlayMusic
512,['delight let me know the weather forcast of stanislaus home forest far in nine spot months'],GetWeather
513,['he book a restaurant ready for eight people nights in six years'],BookRestaurant
514,['ace need to book a restaurant in crotch good deal atomic number 21 for valarie cheremis and i'],BookRestaurant
515,['Add to playlist Confidence boost here comes Santa claus'],AddToPlaylist
516,['script a restaurant at xvi o clock in sc'],BookRestaurant
517,['add another uk artist to the uk spotlight on alt country 2016 itunes playlist'],AddToPlaylist
518,['find him a movie theater house by showing cage without a key'],SearchScreeningEvent
519,['Add your favorite abattoirs to your list'],AddToPlaylist
520,['Show me the creatures of light and darkness'],SearchCreativeWork
521,['Search for the adventures of Cookie & Cream'],SearchCreativeWork
522,"[""enliven that'sa 1Â_½_mile to my global funk""]",AddToPlaylist
523,['he find many animated movies at nearest at a movie house'],SearchScreeningEvent
524,['find me www.lincolncenter.org just animated Madame_Kilakilarney_finds in the neighbourhood'],SearchScreeningEvent
525,['play the top - 20 good chicane song on deezer'],PlayMusic
526,['haha let to deliver this current textbook 4 points'],RateBook
527,['produce manuelita to my indiespensables tunes'],AddToPlaylist
528,['Schedule for the theatre group douglas show'],SearchScreeningEvent
529,['I want to see the show Onion sportsdome'],SearchCreativeWork
530,['i d sure like to go home to the most popular steak bistro in oh'],BookRestaurant
531,['what s the weather say in my usually current hot spot the day after a tomorrow'],GetWeather
532,['play list playlist the realest stuff down down south'],PlayMusic
533,['tot this creative person to gretchen s soul revived playlist'],AddToPlaylist
534,['find a video computer game game called finding victory march'],SearchCreativeWork
535,['Book a tavern that serves vichyssoise within walking distance in oh'],BookRestaurant
536,['let me see the game plan for the seeding of Chucky'],SearchScreeningEvent
537,['participants play a victory chant read by mj cole'],PlayMusic
538,['how is the weather in the city of frewen in venezuela country'],GetWeather
539,['put this mukhda on my playlist here during inspired_Kroto of blues'],AddToPlaylist
540,['how will it be much colder in ohio'],GetWeather
541,['in 2011 the area find out some films'],SearchScreeningEvent
542,['what times volition the young swordsman equal showing at a local movie theatre'],SearchScreeningEvent
543,['represent all of your toys by chris ledoux'],PlayMusic
544,['i Victor_Bout_Somsak to hear a joan louise melody'],PlayMusic
545,['i want to book a restaurant only not this far from at our small college'],BookRestaurant
546,['rate in celebrities as a #/#c_x provided Matt._##:##-## of the shadows consequently gets a four'],RateBook
547,['and add to rak biszewilo to my current playlist just named jazz'],AddToPlaylist
548,['Rate my current book 1 from 6'],RateBook
549,['How the weather is not far from the top Klamath National Wildlife Refuge'],GetWeather
550,['bring fall upstairs to the playlist named chill out'],AddToPlaylist
551,['There will be storms in Charles Pinckney National Historic Site'],GetWeather
552,['Add the entire album as an indie espanol'],AddToPlaylist
553,['for the textbook taboo of vi possible i gift the following one a ternary'],RateBook
554,"[""show don'tI the horror_thriller schedule for Miss_Universe_Lara_Dutta theatres""]",SearchScreeningEvent
555,['please help find at the movie dancing girl'],SearchCreativeWork
556,['Rate this book 0 out of 6'],RateBook
557,['2001 is happy ghost iii at sri caribbean harvest cinemas'],SearchScreeningEvent
558,['play the theme song by yanni jones on vimeo'],PlayMusic
559,['rate the current novel a terzetto'],RateBook
560,['buttocks you pull up a track on zvooq by billy graham mcpherson'],PlayMusic
561,['per_centage the precrisis essay 2 out of centimeters_seaward'],RateBook
562,"['Add this album to the ""Dishwashing"" playlist']",AddToPlaylist
563,['i give christendom not cryptical 1 out of 6 points'],RateBook
564,['I would like to go to the Venetian Theatre in Gabon'],BookRestaurant
565,['is if hoping to rain nearby my current Promenade_Mall Macbride_Hall 0 o clock'],GetWeather
566,['Give the current album zero / 6 stars'],RateBook
567,['put stuntin fly skidding_sideways â_€_œMy 2010 decade playlist'],AddToPlaylist
568,['show me about the painting we called fool out for love'],SearchCreativeWork
569,"['evaluate what the dog saw, a two']",RateBook
570,['you will find a video game called Walk in the Pork'],SearchCreativeWork
571,['... add bret winston mckenzie to my pop commute archive playlist'],AddToPlaylist
572,"['What will the weather be like in three months ""time in the new jersey?']",GetWeather
573,['find the song has called international language journal of developmental bilingualism'],SearchCreativeWork
574,['what films they are playing at goodrich dvd quality movie theaters'],SearchScreeningEvent
575,['I rate the island of the adventure saga as 2 out of 6'],RateBook
576,['Today I am looking for the trailer of Highlands'],SearchCreativeWork
577,['Add this song to my playlist called Wild Country'],AddToPlaylist
578,['Real_disposable_incomes the princess joystick: a subplot of finland one of pm_Saturday##'],RateBook
579,['Search for Cincinnati police officers'],SearchCreativeWork
580,"[""reinforce artist to lo en_su qui_l' los 00 s""]",AddToPlaylist
581,"['I want johnny nash to be on my playlist, always pop punk']",AddToPlaylist
582,['i find the they actually came from somewhere else alive saga'],SearchCreativeWork
583,['i desire to watch the tv show naked two'],SearchCreativeWork
584,['book 3 a reservation for a french pub with that ma po ma tofu in moldova'],BookRestaurant
585,['this album in shuffle syndrome'],AddToPlaylist
586,['quran me seats for hexad at the best brasserie that serves marche neighboring my auberge'],BookRestaurant
587,['play caitlin cary from the fourties'],PlayMusic
588,['solidify a #/#th-mile to Your hands up playlist'],AddToPlaylist
589,['i d like them to see the true saga through tamagotchi 64 : the minna vale de sable tamagotchi dream world'],SearchCreativeWork
590,['give the search for the snow leopard a evaluation of zero of 6 star'],RateBook
591,['commentary for the final book in tale 4 of the toa i give five points'],RateBook
592,"[""will it'd Vicky_Bermudez warmer now through covenant life""]",GetWeather
593,['score rap Chutes_Too_Narrow one by gene kelsey'],PlayMusic
594,['grandpa i want to book you the hat for my beloved grandfather jack and i in arkansas'],BookRestaurant
595,['Book a tearoom at seven'],BookRestaurant
596,['determine the film schedule for animated movies around here'],SearchScreeningEvent
597,['add rosemary clooney to pura vida playlist'],AddToPlaylist
598,['i need a scheduled reservation for till 6 pm tomorrow with all a party of 10 persons at sand lake'],BookRestaurant
599,['what followed is the best picture she called lest we forget : the pretty best of'],SearchCreativeWork
600,['find a pic promise call on pine tree state'],SearchCreativeWork
601,['Add Melody to my Hype Playlist'],AddToPlaylist
602,['what films about are now playing at nearest the nearest movie theatre'],SearchScreeningEvent
603,['add por una cabeza to my play list address this is new variant'],AddToPlaylist
604,['now add wastedagain to the reel wild & free the workout on playlist'],AddToPlaylist
605,['i just want us to go eat lunch at a pickled cucumber brasserie hotel in 12 months'],BookRestaurant
606,['add A.The song to entire dub on andthe beach playlist'],AddToPlaylist
607,['first i desperately need a table at the ledbury theatre at 18 o... clock'],BookRestaurant
608,['closes if be Slightly_cooler in beedeville on november 20'],GetWeather
609,['i want to give the canon of music one out of hexad stars'],RateBook
610,['please should look on up the falls church news - associated press album'],SearchCreativeWork
611,['find a station_KOTV show promised merced sun - heart_throbs'],SearchCreativeWork
612,['find the snug movie field with films'],SearchScreeningEvent
613,['can you rip upwards canal m news'],SearchCreativeWork
614,['Find a song called be quick or be dead'],SearchCreativeWork
615,['is live from matt sturgis 2006 playing at last four o this clock at the the nearest country cinema'],SearchScreeningEvent
616,['put water_newbuilding_drillships purple onmy this illustrates jennifer lopez'],AddToPlaylist
617,['worry_Buddy_Shadid considers the weather one sint maarten'],GetWeather
618,['some give 5 table points down to the deathlord of ixia'],RateBook
619,['Which films will be screened in the Malco cinemas?'],SearchScreeningEvent
620,['add this track to the classical music for Smart Kids playlist'],AddToPlaylist
621,['earn five out.The of 6 to weā novel'],RateBook
622,['give two out of six to a carol'],RateBook
623,['find me for the picture he entitled i ’ let ll take care 2 of you'],SearchCreativeWork
624,['give this textbook zero out of 6 points'],RateBook
625,['Weather for the nearby Parc National de kolkheti'],GetWeather
626,['i d like a Bistrot_de in a Tobacco_Control room upin a Greek_Taverna tomrrow sep 23 2023'],BookRestaurant
627,['om to my classic punk'],AddToPlaylist
628,['rate the most current novel 0 episode of season 6'],RateBook
629,['book directed me onto a table for seven people at a bar with adjoining a courtyard pool'],BookRestaurant
630,['i want to listen to sway music on iheart'],PlayMusic
631,['What will the weather be like in 19 minutes in Nepal?'],GetWeather
632,['include laarni lozada on endorphin rush playlist'],AddToPlaylist
633,['ensure a reservation for TCM_Fri at a bistro_fare with parking'],BookRestaurant
634,['Add my track to the old-school playlist'],AddToPlaylist
635,['what are the latest movie schedules for movies littered around over here'],SearchScreeningEvent
636,['What is the weather forecast for Moss?'],GetWeather
637,['what volition the conditions be same non far from alabama on may 9 2037'],GetWeather
638,['fun takes billet in your work space by eddie kendricks'],PlayMusic
639,['Ethiopia has snow weather at 8 p.m.'],GetWeather
640,['maneuver top - twenty song from 2015'],PlayMusic
641,['i need sit at be adrift eating place in tennessee for a mathematical group of 9'],BookRestaurant
642,['give two stars to changing revisits'],RateBook
643,['find the boy in the band'],SearchCreativeWork
644,['i d kinda to deduce the soundtrack tianjin today 7pm nyse_CGA'],SearchCreativeWork
645,['show the best philosophy philosophy and phenomenological research on saga'],SearchCreativeWork
646,['wish to hear the album since i discover you last'],SearchCreativeWork
647,['What is the closest cinema to play moment by moment?'],SearchScreeningEvent
648,['find a Novelist called east perfectibility'],SearchCreativeWork
649,['where is the island chief mr cook playing'],SearchScreeningEvent
650,['love can i you play this something from 1966 by mc mc ren on spotify'],PlayMusic
651,['play music hits from hollywood 2005 by justin thomas broadrick'],PlayMusic
652,['i want to extra a catchy_chorus Soon_thereafter w c clark to my Soooooo together playlist'],AddToPlaylist
653,['bring parempi mies to the café con leche play list'],AddToPlaylist
654,['Place this track on the playlist of the alok house party'],AddToPlaylist
655,['many rate this at saga two with a bet odds rating of 6'],RateBook
656,['Find movie times for movies in the vicinity'],SearchScreeningEvent
657,['i pay this next essay nix out of 6 points'],RateBook
658,['play Ithought a lyric by dave diamond'],PlayMusic
659,['show creativity of all or arguably'],SearchCreativeWork
660,['i tomorrow d like her to watch movies from at the closest movie store theatre'],SearchScreeningEvent
661,['what s the weather going to be in 7 hours in frequency modulation'],GetWeather
662,['add the crabfish to her playlist chided actually sleep photocopier rainforest'],AddToPlaylist
663,['so where can they i find myself the famous photograph of mr blobby'],SearchCreativeWork
664,"[""what 'm the forecast in considered_seas_Lunine temps in nevada""]",GetWeather
665,['i need a qualification for iv this twelvemonth at a restaurant'],BookRestaurant
666,['play they 1993 Beethoven_Quartet mistimes of slacker'],PlayMusic
667,['book a atop open 1 at a south maryland restaurant'],BookRestaurant
668,['leger a spot at a taverna for my cousin and i in burundi'],BookRestaurant
669,['play the carrot top song line from damon de albarn using some slacker'],PlayMusic
670,['find let the true show go with beat the flow'],SearchCreativeWork
671,['add unorthodoxy and the hotel choir to the evening acoustical playlist'],AddToPlaylist
672,['add songs tune in reggae extract'],AddToPlaylist
673,['i give the last school text one out of six points'],RateBook
674,['quran a restaurant on june the fifth in cavour'],GetWeather
675,['add the patty patty sound to my Metaltalk Kreator playlist'],AddToPlaylist
676,['book a spot forthe ##to Boxing_KOTV a restaurant across shambaugh md'],BookRestaurant
677,"[""give Why_wasn'tI the wintry_conditions ##.###-##.###_bln_eur for lower lake day sep 21 2038""]",GetWeather
678,['Add Slave to the Rhythm of the Playlist - Massive Sokahits'],AddToPlaylist
679,['sweeten the block www.parks.wa.gov welcome to the soil Anticipated_reopening gingerly my Caffe con leche list'],AddToPlaylist
680,['and looking for video bowl game for those students who would ultimately walk with the gods'],SearchCreativeWork
681,['crapper i get a table at the garrison'],BookRestaurant
682,['find the scheduling_quirk for rare birds at %_#F########_7v.jsn visit_www.komando.com_listen movie theatre at 9p.m.'],SearchScreeningEvent
683,['Rate this chronicle as one of 6 points'],RateBook
684,['when prevailing saga begrudged a 5 rating'],RateBook
685,"['what will the weather be like at my current location on December 2, 2029']",GetWeather
686,['comprise goodbye mr chips render 12 minutes from now'],SearchScreeningEvent
687,['Add testimony to donna s tokyo rising palylist'],AddToPlaylist
688,['when is you walk so softly by playing me at their kerasotes and theatres'],SearchScreeningEvent
689,['this book incur peak for being current and a three'],RateBook
690,['Find the magical world of Roger Whittaker'],SearchCreativeWork
691,['add dr lie with to my todo alternativo playlist'],AddToPlaylist
692,['Add the name Scream Like a Baby to my a mis niños de 30 playlist'],AddToPlaylist
693,['add matthew helders artist in showstopper be mary jane'],AddToPlaylist
694,['what is the prognosis for temperate weather in bellechester'],GetWeather
695,['can you still find me... the trailer book of moses the hippocratic oath'],SearchCreativeWork
696,['play the play happiest 6 days of both our lives by tommy of emmanuel'],PlayMusic
697,['ANA_IVANOVIC_Yeah the Geesh from the hill by khwaja ghulam farid'],PlayMusic
698,['mr book sells a restaurant not far west in milladore for 6 hungry people'],BookRestaurant
699,['rate the more current novel zero bonus points'],RateBook
700,['play a melody from the 1920s by Jodie Aysha'],PlayMusic
701,['can play twenties music live off one of my itunes'],PlayMusic
702,['rate in firebrand Evgeny_Gavrilenkov_chief of centimeters_seaward stars'],RateBook
703,['book a eatery for 2 CSU_Lory_Student a cafe And i youhave get a fruit_tarts at'],BookRestaurant
704,['rate the travels of lao can five of 6'],RateBook
705,['what time is the rocketeer showing'],SearchScreeningEvent
706,['Game ideas for the new season'],PlayMusic
707,['bestow this track to new hip joint record hop'],AddToPlaylist
708,['can gonna rediscover the album simplescreenrecorder'],SearchCreativeWork
709,['to add a track list to my recent classical feast playlist'],AddToPlaylist
710,['at find there the show how to meet the lucky teen stars'],SearchCreativeWork
711,['add a kj 52 track to the te quiero playlist'],AddToPlaylist
712,['Add the Lady Bunny album to décadas'],AddToPlaylist
713,['book the mustard and seed in turks i and northern caicos indian islands for 9 people'],BookRestaurant
714,['Ersty some oleg anofriyev heavy_suffocating_smog 1960'],PlayMusic
715,['Playing a soundtrack by Tom Thacker'],PlayMusic
716,"[""al qur'an in townsfolk for triad at a restaurant outdoor that is not far""]",BookRestaurant
717,['run the concert from philip oakey 1973 concert on netflix'],PlayMusic
718,['append a tune to my this is simone allan playlist'],AddToPlaylist
719,['tho give this current chick_lit_novel zero superstar_Akshay_Kumar and a nastiest rating of 6'],RateBook
720,['contribute 5 out of 6 points to rush the rainwater'],RateBook
721,['what is at the name local movie times'],SearchScreeningEvent
722,"['What is the forecast for West Virginia, will it be snowy?']",GetWeather
723,['what is the forecast for alley canada'],GetWeather
724,['you can set this track to the playlist in the selector'],AddToPlaylist
725,['average think current essay four where of 6'],RateBook
726,['I need a table in a highly rated diner'],BookRestaurant
727,['rate the current album 2 points'],RateBook
728,['How does the weather forecast look not far from here?'],GetWeather
729,['i want you to also reserve you a cute gastropub that has a spa'],BookRestaurant
730,"[""Music from Kenya's Top 5 Artist Arias""]",PlayMusic
731,['we use google netflix to play michael white same tune from 1955'],PlayMusic
732,['we find a reservation at a brasserie coffee restaurant nearby greenville sc for having a tea party of ten'],BookRestaurant
733,['Add image to playlist of nuclear explosive novelties'],AddToPlaylist
734,['what s the weather for april 10th 2028 in ar'],GetWeather
735,['1 show me the book f - 4 1 and grand grand prix part ii'],SearchCreativeWork
736,['s going to be stormy in ritchey in palau'],GetWeather
737,['everybody movies crooks_sociopaths stadium_wher in the neighbourhood'],SearchScreeningEvent
738,['to give me some hank de shermann material from 1975 album on lastfm'],PlayMusic
739,['Which films are planned at the Plitt Theatre'],SearchScreeningEvent
740,['Book a restaurant for 7 people'],BookRestaurant
741,['find Bubba_Ho_tep schedules Tues_Fri imax corporation'],SearchScreeningEvent
742,['and is it hot in the gold harbour beach bahrain'],GetWeather
743,['2000 find the justice cartel vol 2 novel'],SearchCreativeWork
744,['Could you please give me the forecast for Dominica?'],GetWeather
745,['Book a table in skycity in salado for me and Hannah'],BookRestaurant
746,['what is the forecast system for sea or isle city weather in southern louisiana for warmer weather'],GetWeather
747,['add the econd three rounds_super_featherweights to my workout twerkout Slacker_Radio'],AddToPlaylist
748,['Forecast for hardinsburg in 20 seconds'],GetWeather
749,['sth need a www.recreation.gov for four Buol_Lane a bar'],BookRestaurant
750,['rate gilgamesh the king_Bhumibol_Adulyadej 5 back of #-##'],RateBook
751,['total lisa dalbello to my 2015 cma awards nominees list'],AddToPlaylist
752,['book the Dimona_nuclear sidewalk_cafe serve ten people'],BookRestaurant
753,['what and s the weather variation in stamps'],GetWeather
754,['china book a bar table book for 1 japanese person at a popular brasserie in jan jansen that serves mainly english food'],BookRestaurant
755,['appearance flick schedule at amco entertainment'],SearchScreeningEvent
756,['i do want and a restaurant opening in idaho for 2 of us'],BookRestaurant
757,['play portsmouth by apostle paul smith on google medicine'],PlayMusic
758,['restaurant in angustifolia for my baby_sitter and u_hav'],BookRestaurant
759,['they search again for the toucher and james rich show'],SearchCreativeWork
760,['match hughie wallace by vidyadhar vyas'],PlayMusic
761,['Add Melody to my This is Animal Collective'],AddToPlaylist
762,['I wish the weather for Saint Martin next year'],GetWeather
763,['see find the movie makers schedule for pacific rock theatres'],SearchScreeningEvent
764,['Not yet: a memoir about life and almost dying was one of 6 stars'],RateBook
765,['Show creativity of painting also by me'],SearchCreativeWork
766,"[""i 'm looking for presumably creative work a wonderful oppressed_peoples_everywhere""]",SearchCreativeWork
767,['add nour mhanna live to top workday entertainment lounge'],AddToPlaylist
768,['just add natasha to i my all things post school playlist'],AddToPlaylist
769,['add the pianoforte bar to my cindy president wilson'],AddToPlaylist
770,['play a seventies ballad by Annunzio Paolo Mantovani on Groove Shark'],PlayMusic
771,['find a tv show de_scribed shake grip Atlas_Copco_innovates beef'],SearchCreativeWork
772,['Will it rain here at 13: 22: 09?'],GetWeather
773,['consecrate this a zero for this holy scripture'],RateBook
774,['tend you reduce esquivando charcos to my EQ_presets entitled the baritone_sax bar'],AddToPlaylist
775,['commode you use pandora to play a soundtrack from 1999 by david sitek'],PlayMusic
776,['Can you add Woman of the World to my playlist titled Duetos?'],AddToPlaylist
777,['i require to listen to hold open the trust'],SearchCreativeWork
778,['so where can i see the show if kind of as glue'],SearchCreativeWork
779,['lol ÔI to book a table for me and josefa Radisson_Metrodome jacob che_si casual_dining in branford'],BookRestaurant
780,['and what is time is cinema playing the village young priest'],SearchScreeningEvent
781,['add hold my cheap liquor close to this electronow'],AddToPlaylist
782,['find the tv WayOutTV payed_tribute to the peacekeeping_missions'],SearchCreativeWork
783,['and find all the nearest movies at a movie town theatre'],SearchScreeningEvent
784,['What is the weather like in la pine'],GetWeather
785,['can you add out some unreleased disco recordings to my playlist called genuine star r & lu b'],AddToPlaylist
786,['strange book asked me a table for two afternoon in oakes'],BookRestaurant
787,['Play any songs from the eighties'],PlayMusic
788,['Add Split to my lit playlist for women'],AddToPlaylist
789,['what qualifies the fcasts for the current playoff_berth for cloudy exposed_horrifically_unsanitary'],GetWeather
790,['or book reservations at king james l d conrey house at around 1 pm for a hunting party of nine'],BookRestaurant
791,['Waiting for the Mahatma 5 out of 6 points'],RateBook
792,['Show movie times of nearby movies'],SearchScreeningEvent
793,['Please browse the economic daily picture of the Karobar'],SearchCreativeWork
794,['find me a holiday soundtrack tape called the christmas shoes'],SearchCreativeWork
795,['Casey Chavez Lucinda and Karina plan to have dinner on December 7'],BookRestaurant
796,['undecided zvooq and toy the best songs from device'],PlayMusic
797,['is COACH_BABCOCK want to be cold today CONTRACTS_AWARDED wing'],GetWeather
798,['I can get the schedules for loews cineplex'],SearchScreeningEvent
799,['Where can I find stories of the haunted castle?'],SearchCreativeWork
800,['I want Veneto cuisine at the highest level in a restaurant in Antietam for 2'],BookRestaurant
801,['what will the weather be like in port clinton nebraska at midnight'],GetWeather
802,['Book a table for ten in a restaurant that serves pasta'],BookRestaurant
803,['will will there be rain next year out in new big hampshire'],GetWeather
804,['some rate this series as chronicle 0 points'],RateBook
805,['be it forecast to be stop dead in benedict'],GetWeather
806,['how cloudy should COACH_FISHER close to hollidaysburg'],GetWeather
807,['find moving picture at alamo drafthouse cinema'],SearchScreeningEvent
808,['Play Seventies music on Netflix'],PlayMusic
809,['add blood guts & the glory to george my this is george chopin'],AddToPlaylist
810,['Please reserve a restaurant with pool for Manuela and Yvonne'],BookRestaurant
811,['Review of the Black Saga a One'],RateBook
812,['i d like to eat up at the firehouse restaurant'],BookRestaurant
813,['i Someway_somehow By_TREVON_MILLIARD helmer for nearest movie theatre'],SearchScreeningEvent
814,['Play the ocelot record with zvooq'],PlayMusic
815,['i d quite like to please give a two rating to benefit the abolition campaign of britain'],RateBook
816,['This Chronicle is a Zero of 6'],RateBook
817,['charge per unit the serious american short stories 2007 one proscribed of 6 points'],RateBook
818,['Add Deuce to my listas de éxitos playlist'],AddToPlaylist
819,['position molly and tenbrooks in the french n heavy playlist'],AddToPlaylist
820,['what is considered the american samoa high forecast for a hot weather'],GetWeather
821,['should add warpaint in my clothes pre - production party list'],AddToPlaylist
822,['i aquire life during wartime a two along of 6'],RateBook
823,['rate my beloved world saga as one'],RateBook
824,['where derriere i buy the goggle box series the mating season'],SearchCreativeWork
825,['i d like to see the big book naming the knights royal thousand'],SearchCreativeWork
826,['you find that the closest movie film house that plays animated movies'],SearchScreeningEvent
827,['i need a arriere pensee for chapter one in west odessa for a political party of ace'],BookRestaurant
828,['Add a Tom Thacker tune to my rock classics'],AddToPlaylist
829,['tell pine tree state the weather prognosis for hither'],GetWeather
830,['add this song to my intersection blue playlist'],AddToPlaylist
831,['i want to ever hear secrets on parade from yo tommy or walter'],PlayMusic
832,['find a tv show affectionately_referred engaged to Rink_Rap Durmus_Kumdereli'],SearchCreativeWork
833,['becuz want to rate the previous turnitin.com with 4'],RateBook
834,['at where is it the closest cinema that also features animated movies'],SearchScreeningEvent
835,['i would give here currrent book a +_mex a five and a scariest BBB/A-3 of 6'],RateBook
836,['let me bear the movie schedule for worldwide cinema corporation'],SearchScreeningEvent
837,['Which films are shown in the cinemas of the South'],SearchScreeningEvent
838,['to add an artist note to the upcoming decadas playlist'],AddToPlaylist
839,['what will the northern weather be like on feb 17th 8... 2034 down in cedar gate mountain wilderness'],GetWeather
840,['reserve by me a kitchen table for 10 or at once a mt cafe for breakfast'],BookRestaurant
841,['what s in the january weather going to be... like working near moldova on fri'],GetWeather
842,['add a - hunt we will go to the emily dickinson play list'],AddToPlaylist
843,['like the weather in sehlabathebe national park'],GetWeather
844,['find a camphone of a borzoi Window_panes'],SearchCreativeWork
845,['retain this tune by harry connick Unattached_#.##m to everyones jazzer brasileiro playlist'],AddToPlaylist
846,['when can i see journey to... the very end of all the eternal night'],SearchScreeningEvent
847,['chooses that unless hot in saint jo alaska'],GetWeather
848,['Books a restaurant that sees bouchée for 9am'],BookRestaurant
849,['find 300: March in honour of a song'],SearchCreativeWork
850,"['Add this song to my list entitled ""The Birth of the Cool""']",AddToPlaylist
851,['google book a co table at windows based on all the world'],BookRestaurant
852,['rate cotton add up to harlem a ii'],RateBook
853,['I want to hear a theme song from 1957'],PlayMusic
854,['Search for the song called Journal of the American Statistical Association'],SearchCreativeWork
855,['note what is the weather service forecast close to puerto de rico'],GetWeather
856,['put COACH_WILLINGHAM acoustic_rendition in JANE_SAYS funk playlist please'],AddToPlaylist
857,['play anthony morris hereâ_€_™ the musician and the impossibly_catchy on netflix'],PlayMusic
858,['2 of us desire to eat at a restaurant that serves meatballs in green mountain state'],BookRestaurant
859,['find a gastropub KF_OOE marylou and i within jogged distance of our mum leaderâ_€_™ hotel'],BookRestaurant
860,['find if me with the movie schedule check for great escape theatres'],SearchScreeningEvent
861,['Book a table for tomorrow for five people'],BookRestaurant
862,['hardcover a gastropub in slipped creek for sarnies'],BookRestaurant
863,['What is the nearest cinema showing Hafenbeat?'],SearchScreeningEvent
864,['if i m looking for in the television show the new flame'],SearchCreativeWork
865,"[""u've afraid to give the Yorkshire_terrier who strolling through walls a 1""]",RateBook
866,['I want to listen to the album going back to the blue ridge mountains on iheart'],PlayMusic
867,['leave information technology be windy at 4 postmortem in ny'],GetWeather
868,['play on my sophisticated southern dinner band playlist on slacker'],PlayMusic
869,['bring a track by deeyah khan'],PlayMusic
870,['constitute the film goodrich quality theater play at 12: twenty six am'],SearchScreeningEvent
871,['equal it imagine to hail in rosenberg in the french polynesia'],GetWeather
872,['defines it meant to gt colder in Call_Oliver_Mackson'],GetWeather
873,['What kind of amc theatre is the red dance being played?'],SearchScreeningEvent
874,['give 1 out of 6 minutes to west gate of cape january'],RateBook
875,['Show me the a-myin-thit TV series'],SearchCreativeWork
876,['is ness saddle horse nature conservation building block has storm weather'],GetWeather
877,['tell me if anyway ll be chilly_temperatures 1 second Fenway_idiosyncrasies Click_Clear here'],GetWeather
878,['can you Bonjokian some anarcho_punk music'],PlayMusic
879,['add the chuff wee man to kimberly ABCâ_€_™ stress relief song'],AddToPlaylist
880,['m looking for a novel called and then it got bright'],SearchCreativeWork
881,['dilute the avispa track to my bass_trombone slots_blackjack playlist'],AddToPlaylist
882,['add melody to cleaning the family'],AddToPlaylist
883,['rate the current novel with two'],RateBook
884,['please add this song only to youtube madden madden nfl 16'],AddToPlaylist
885,['for the Unaccustomed_Earth singer_Merle_Haggard of evil i Eibor a 2'],RateBook
886,['play a top-class symphony from 1959 by Stuart Garrard'],PlayMusic
887,['at what time will the cinema run on time'],SearchScreeningEvent
888,['what be the weather condition forecast for wolin national park trey seconds from now'],GetWeather
889,['cingular Wishing to listen to good symphony Hilfiger_Sessions by mi lu cun'],PlayMusic
890,['I can get the entries for the movie in the nearest cinema'],SearchScreeningEvent
891,['how cold isn_`_t it inthe princeton junctions_##a'],GetWeather
892,['add this artist to my jazz play list'],AddToPlaylist
893,['will everybody get warmer in holy footed_curler Desolation_Wilderness'],GetWeather
894,['i d like to DVRed army Mon_Fri_9am hoff group'],SearchScreeningEvent
895,['please finda me chance ce dance'],SearchCreativeWork
896,['Rating Rats Chronicle 5 from 6'],RateBook
897,['book a table have four in orchard liriope hills Socit'],BookRestaurant
898,['I give this current essay zero out of 6 stars'],RateBook
899,['Show me movies in the area'],SearchScreeningEvent
900,"['Find, do you want to touch me?']",SearchCreativeWork
901,['i want to give this essay cypher out of sixer'],RateBook
902,['contribute dahmer to hiphop hot 50'],AddToPlaylist
903,['Rate the demolished man with a five'],RateBook
904,['Add angela au to the radar latino playlist'],AddToPlaylist
905,['find a feathering in her lid at charming johnson theatres'],SearchScreeningEvent
906,"[""I'd like to book a food place in Puglia in Italy""]",BookRestaurant
907,['What is the forecast at four in the morning in Zambia?'],GetWeather
908,['i need lance big businessman in my list called one love'],AddToPlaylist
909,['first can i catch a screening of shivers Moderate_Earthquake_Shakes Winter'],SearchScreeningEvent
910,['add on chris morris de der burgh in my radio playlist melancholia'],AddToPlaylist
911,['what be the weather at the current spatial relation'],GetWeather
912,['so is it going on to not be warmer in central cebu protected coastal landscape'],GetWeather
913,['just add troy andrews to my team pop to punk powerhouses'],AddToPlaylist
914,['Adding a melody to a rare groove'],AddToPlaylist
915,['Find a movie theater with villains and romances that is closest'],SearchScreeningEvent
916,['can i get todays movie docket for the flick that are close by'],SearchScreeningEvent
917,['i dD kinda a table togive 10 atthe a distant place downtown fοr next fall'],BookRestaurant
918,['show me only Fo_Yo_Sorrows Wolvie of the rings'],SearchCreativeWork
919,['maneuver alles heeft ritme by liu tianhua'],PlayMusic
920,['give us the resistance service 2 out of 6 recommendation stars'],RateBook
921,['visit_http://www.earnparttimejobs.com/index.php?id=####### 0 snot_bubbles of 6 SNL_alums to reality of certainty'],RateBook
922,['Will it rain in the Royal Valley next month?'],GetWeather
923,"[""It's cool at 2 p.m. in the Ökoland-Park""]",GetWeather
924,['what s the prognosis for gamaliel'],GetWeather
925,['book a restau_rant Explosion_destroys fort barricade fl'],BookRestaurant
926,"[""Play Dave Mason's soundtrack on last fm""]",PlayMusic
927,['book a restaurant fοr_thе me and toasted_sesame_seeds Glades_Rd 1 am'],BookRestaurant
928,['rate this current novel by one point'],RateBook
929,['delight get me the welcome to the riley secret plan'],SearchCreativeWork
930,['play yourself me only the one greatest track of 1966'],PlayMusic
931,['add sam jeff music to you tgif Playlists'],AddToPlaylist
932,['find a photograph called xquery api for java'],SearchCreativeWork
933,['can ur see a Não brat ep'],PlayMusic
934,['find now please_visit_foxreality.com for the closest docus at a cinema at entrees time'],SearchScreeningEvent
935,['move this tune from hironobu kageyama to my baila reggaeton playlist'],AddToPlaylist
936,['book a fully rated Free_Competitive_Quotes food restaurant near falmouth'],BookRestaurant
937,['give yourself the current album release a score grade of five out of grades 6'],RateBook
938,['add billy strayhorn to my dusty highway top 61 music playlist'],AddToPlaylist
939,['i d just like a table for all 6 sandwiches at a similar restaurant in denmark and at 22'],BookRestaurant
940,['give the televised morals serial a one'],RateBook
941,['add munia as the fan tale next to my playlist called adrenaline road workout'],AddToPlaylist
942,['please total checkmate to my irish folk – jigs & virginia reel playlist'],AddToPlaylist
943,['run the lure of the masquerade party song'],SearchCreativeWork
944,['i charge per unit this fresh 2 of 6 point'],RateBook
945,['ÔYou Ijust listen to the music of nature Era_Vulgaris by gary draper'],PlayMusic
946,['what systemâ_€_™ the seasonably_cool then koontz lake'],GetWeather
947,['find the schedule for the tooth and will go out at noon sunrise'],SearchScreeningEvent
948,['i dG like to watch three iOTW_Dictionary JOE_BOXER Greenlawn_Memorial_Chapel the cinema'],SearchScreeningEvent
949,['find movie running schedules for some nearby films'],SearchScreeningEvent
950,['what at time never do the movies ever play at southern theatres'],SearchScreeningEvent
951,['Schroeder_Biek the soundtrack thaaththa_Bindu donovan bellamy contributed to'],PlayMusic
952,['and i also want a special table for four at a fancy place in california'],BookRestaurant
953,['play as a last song now from 1990 on netflix'],PlayMusic
954,['rate the vividly_depicts following a pm_Thurs._Sat'],RateBook
955,['play lost in your little eyes by gareth gates on amazon netflix'],PlayMusic
956,['I would give this novel a rating of two'],RateBook
957,['so i need just a new restaurant that has proper internet access for a party of six'],BookRestaurant
958,['bestow this melodic phrase to the heavy gamer playlist'],AddToPlaylist
959,['what hollywood movies are playing tonight at regal entertainment media group'],SearchScreeningEvent
960,['play preregister yourself with music unscientifically planets_circling_stars manzarek'],PlayMusic
961,['for the current book i m reading that is not only worthy of rating a 3'],RateBook
962,['this book a table tennis for ten people in paradise eucalyptus hills'],BookRestaurant
963,['well the boring peace thing on earth gets a two 0 out 5 of 6'],RateBook
964,['show the me schedules to see a local film clip with me writing in it'],SearchScreeningEvent
965,['should it forecast to be misty Decomposed_body_found iowa'],GetWeather
966,['I want to see the trailer amor puro'],SearchCreativeWork
967,['that show creative photograph were named none of the photographs above'],SearchCreativeWork
968,['find soundtracks in. GEOFF_OGILVY_Yeah with movie schedules'],SearchScreeningEvent
969,['I want to hear a track from the forties'],PlayMusic
970,['book me top - shop restaurant for ennead members for midnight at average four flush ri'],BookRestaurant
971,['Find the trailer for the seven-year itch'],SearchCreativeWork
972,['i want to find a salami restaurant in bastian in'],BookRestaurant
973,['make me a Indian_Reservation in tn sensory_deprivation_tank Ceiling_collapses for a party of 2'],BookRestaurant
974,['I would give dead man who falls 5 points and a top score of 6'],RateBook
975,['they play a theatrical trailer for johnny sencha touch'],SearchCreativeWork
976,['Here you will find the cinema times in summarized cinemas'],SearchScreeningEvent
977,['book a Vanacker_whose includes By_KBJR_News in gleed'],BookRestaurant
978,['can i get the showtimes for the isle of man who could blab out to kid'],SearchScreeningEvent
979,['what time does he tie a large yellow polka ribbon play at magic johnson music theatres'],SearchScreeningEvent
980,['i required a Mr_SPEAKER_Leave in somewhere within walking distance of DE########## 0n november the 24th 2027'],BookRestaurant
981,['heighten mg Rink_Rap visionary to my Blaqstarr playlist'],AddToPlaylist
982,['even give me one out of 6 stars thanks to free market fairness'],RateBook
983,['i really want him to even book a meal home at a restaurant store that quickly searves kouglof'],BookRestaurant
984,['I just want places for five in one place in Verden'],BookRestaurant
985,['a when is for other lovers only playing'],SearchScreeningEvent
986,['pace this essay 5 of 6'],RateBook
987,['will there be cloud war action in saint bernard some virgin christian islands'],GetWeather
988,['when personify beyond my reach scheduled at the nearest movie theater'],SearchScreeningEvent
989,['i_realy d like to eat a restaurant for doug_shepard@harte-hanks.com Blaze_guts pelahatchie at 12 te clock'],BookRestaurant
990,['run the sensation and i on zvooq'],PlayMusic
991,['add connee boswell to when nap Shoutcast'],AddToPlaylist
992,['Book a table for 3 people far from Tullytown in a coffee house with smoking room'],BookRestaurant
993,['koran midday at a far off cuban space for five at a top - shit bakehouse in grainola'],BookRestaurant
994,['we add this track to... my party video playlist'],AddToPlaylist
995,['besides me and hopefully my twin niece want to eat somewhere pretty close by with hopatcong'],BookRestaurant
996,"[""they'll it be warmer_sunnier in suwannee""]",GetWeather
997,['What is the weather forecast for my current position?'],GetWeather
998,['play around me a song songs from 1968 live on spotify'],PlayMusic
999,['add break away rudolph hunt to my rockin playlist'],AddToPlaylist
